{
  "template-1": [
    {
      "type": "input",
      "inputType": "text",
      "name": "name",
      "label": "Username"
    },
    {
      "type": "input",
      "inputType": "email",
      "name": "email",
      "label": "Email Address"
    },
    {
      "type": "input",
      "inputType": "password",
      "name": "password",
      "label": "Password"
    },
    {
      "options": [
        "Male",
        "Female"
      ],
      "type": "radio",
      "name": "gender",
      "value": "Male",
      "label": "Gender"
    },
    {
      "options": [
        "Physics",
        "Chemistry",
        "Maths"
      ],
      "type": "checkbox",
      "name": "subject",
      "value": [],
      "label": "Selected Subject"
    },
    {
      "options": [
        "India",
        "UAE",
        "UK",
        "USA"
      ],
      "type": "select",
      "name": "country",
      "value": "",
      "label": "Country",
      "api": "http://localhost:3000/"
    },
    {
      "options": [],
      "type": "select",
      "name": "state",
      "value": "",
      "dependencies": ["country"],
      "label": "state"
    }
  ],
  "template-2": [
    {
      "type": "input",
      "inputType": "text",
      "name": "Employee Name",
      "label": "Employee Name"
    },
    {
      "type": "input",
      "inputType": "number",
      "name": "Commit Id",
      "label": "Commit Id"
    },
    {
      "options": [
        "Male",
        "Female"
      ],
      "type": "radio",
      "name": "gender",
      "value": "Male",
      "label": "Gender"
    },
    {
      "options": [
        "Java",
        "Angular",
        "Dot Net",
        "Python"
      ],
      "type": "checkbox",
      "name": "Technology",
      "value": [],
      "label": "Select Technology"
    },
    {
      "type": "input",
      "inputType": "text",
      "name": "Employee Domain",
      "label": "Employee Domain"
    },
    {
      "options": [
        "Chennai",
        "Pune",
        "UK",
        "US"
      ],
      "type": "select",
      "name": "Location",
      "value": "India",
      "label": "Location"
    }
  ]
}
