{
  "India": [
        "Andhra Pradesh",
        "Arunachal Pradesh",
        "Assam",
        "Bihar",
        "Goa",
        "Kerala",
        "Pune",
        "Tamil Nadu"
    ],
  "UAE": [
        "Dubai",
        "Abu Dhabi",
        "Sharjah",
        "Al Ain",
        "Fujairah",
        "Umm Al Quwain",
        "Ruwais",
        "Dibba Al-Hisn"
  ],
  "UK": [
        "England",
        "Canterbury",
        "Northern Ireland",
        "Scotland",
        "Lincoln",
        "Lisburn",
        "London",
        "Norwich",
        "Oxford"
  ],
  "USA": [
    {
      "options": [
        "Alabama",
        "Alaska",
        "California",
        "Florida",
        "Indiana",
        "New York",
        "Mississippi",
        "Texas"
      ],
      "type": "select",
      "name": "state",
      "value": "",
      "label": "State"
    }
  ]
}
